{"cameraMode":{"drawMode":0,"name":"Shaded","section":"Shading Mode"},"sceneLighting":false,"audioPlay":false,"sceneViewState":{"showFog":true,"showMaterialUpdate":false,"showSkybox":true,"showFlares":true,"showImageEffects":true,"showParticleSystems":true},"in2DMode":false,"pivot":{"x":-4.1136474609375,"y":1.2325439453125,"z":-0.271484375},"rotation":{"x":-0.0035498295910656454,"y":0.9913132786750794,"z":-0.12859368324279786,"w":-0.027369555085897447},"size":3.969137668609619,"orthographic":true}