{"cameraMode":{"drawMode":0,"name":"Shaded","section":"Shading Mode"},"sceneLighting":false,"audioPlay":false,"sceneViewState":{"showFog":true,"showMaterialUpdate":false,"showSkybox":true,"showFlares":true,"showImageEffects":true,"showParticleSystems":true},"in2DMode":false,"pivot":{"x":0.0005345344543457031,"y":-0.06398171186447144,"z":0.02433636784553528},"rotation":{"x":0.013201305642724038,"y":0.9691582322120667,"z":-0.2402530014514923,"w":0.05325943976640701},"size":4.383889675140381,"orthographic":true}