{"cameraMode":{"drawMode":0,"name":"Shaded","section":"Shading Mode"},"sceneLighting":true,"audioPlay":false,"sceneViewState":{"showFog":true,"showMaterialUpdate":false,"showSkybox":true,"showFlares":true,"showImageEffects":true,"showParticleSystems":true},"in2DMode":false,"pivot":{"x":-0.03887343406677246,"y":0.2196294367313385,"z":-0.013302356004714966},"rotation":{"x":-0.0018369288882240654,"y":0.9906080961227417,"z":-0.13606412708759309,"w":-0.0133739048615098},"size":3.954132556915283,"orthographic":true}